Pregnancies,Glucose,BloodPressure,SkinThickness,Insulin,BMI,DiabetesPedigreeFunction,Age,y
4,123,80,15,176,32.0,0.443,34,0
0,131,66,40,0,34.3,0.196,22,1
2,120,54,0,0,26.8,0.455,27,0
4,91,70,32,88,33.1,0.446,22,0
2,84,50,23,76,30.4,0.968,21,0
9,145,80,46,130,37.9,0.637,40,1
2,96,68,13,49,21.1,0.647,26,0
1,108,88,19,0,27.1,0.4,24,0
4,103,60,33,192,24.0,0.966,33,0
6,124,72,0,0,27.6,0.368,29,1
